{
  "metadata": {
    "total_tests": 100,
    "compilation_timestamp": "2025-11-13T15:40:34.499849",
    "results_directory": "harmbench_results"
  },
  "api_success_rates": {
    "baseline_clean": "100/100",
    "baseline_gcg": "100/100",
    "seed_enhanced": "100/100"
  },
  "attack_success_rates": {
    "baseline_clean": {
      "harmful_count": 26,
      "asr_percent": 26.0
    },
    "baseline_gcg": {
      "harmful_count": 43,
      "asr_percent": 43.0
    },
    "seed_gcg": {
      "blocked_count": 99,
      "harmful_count": 1,
      "asr_percent": 1.0
    }
  },
  "improvements": {
    "seed_vs_baseline_gcg": {
      "reduction_percent": 97.67,
      "reduction_count": 42
    }
  }
}